Gwen Cross,High Five Working Session,Ultimate Frisbee,Calvinball,Speed Walking,
Fabian Owen,Intro to Microwave Cooking,Competitive Meditation,The Science of Sleep,Ultimate Frisbee,
Mikayla Pennington,High Five Working Session,Ultimate Frisbee,Speed Walking,,
Bobby Craig,,,,,
Brynn Ventura,,,,,
Branson David,,,,,
Haylee Zhang,Competitive Meditation,Lucid Nightmares,Ultimate Frisbee,Calvinball,How to Make Friends
Isaias Ahmed,,,,,
Jolie Henson,,,,,
Bellamy Ortega,,,,,
Lilah Wolf,,,,,
Jase Terrell,High Five Working Session,Lucid Nightmares,Calvinball,How to Gain Back a Friend Lost in 10 Days,
Paityn Morris,The Science of Sleep,Lucid Nightmares,Spikeball,Calvinball,Influencing 101
Christian Fitzgerald,Intro to Microwave Cooking,The Power of Shallow Breathing,How to Lose a Friend in 10 Days,,
Marlee Dougherty,,,,,
Brett Ahmed,Intro to Microwave Cooking,High Five Working Session,The Power of Shallow Breathing,Calvinball,
Jolie Cameron,High Five Working Session,Competitive Meditation,Lucid Nightmares,Ultimate Frisbee,Influencing 101
Rayan Tanner,,,,,
Harmoni Espinosa,Lucid Nightmares,The Uberman Sleep Schedule: Could it Work for You?,Ultimate Frisbee,High Five Working Session,Spikeball
Khalid Avalos,,,,,
Paloma Weiss,Laundry 101,Lucid Nightmares,Spikeball,Ultimate Frisbee,Influencing 101
Koa Torres,High Five Working Session,Lucid Nightmares,Calvinball,Speed Walking,Influencing 101
Violet Gross,,,,,
Quinn Davila,Intro to Microwave Cooking,Competitive Meditation,The Science of Sleep,The Uberman Sleep Schedule: Could it Work for You?,Calvinball
Rayne Nicholson,The Uberman Sleep Schedule: Could it Work for You?,Lucid Nightmares,Spikeball,Calvinball,Influencing 101
Rodrigo Sherman,High Five Working Session,Calvinball,How to Make Friends,How to Lose a Friend in 10 Days,How to Gain Back a Friend Lost in 10 Days
Addilyn Duffy,The Uberman Sleep Schedule: Could it Work for You?,Lucid Nightmares,Spikeball,Speed Walking,Influencing 101
Kyng Guzman,Intro to Microwave Cooking,High Five Working Session,The Science of Sleep,,
Ashley Malone,,,,,
Ruben Hart,The Science of Sleep,The Uberman Sleep Schedule: Could it Work for You?,Lucid Nightmares,Influencing 101,
Gemma Bruce,Intro to Microwave Cooking,Lucid Nightmares,Calvinball,Speed Walking,How to Gain Back a Friend Lost in 10 Days
Uriah Munoz,Laundry 101,High Five Working Session,The Uberman Sleep Schedule: Could it Work for You?,Lucid Nightmares,
Kehlani Dean,,,,,
Ronan Griffith,Laundry 101,High Five Working Session,Ultimate Frisbee,Calvinball,Influencing 101
Alicia Reynolds,,,,,
Vincent Salazar,Intro to Microwave Cooking,Lucid Nightmares,Spikeball,Calvinball,Speed Walking
Freya Wagner,High Five Working Session,Ultimate Frisbee,Calvinball,Speed Walking,How to Make Friends
Enzo Oâ€™brien,Laundry 101,Intro to Microwave Cooking,High Five Working Session,The Science of Sleep,Ultimate Frisbee
Joanna House,The Uberman Sleep Schedule: Could it Work for You?,Lucid Nightmares,The Power of Shallow Breathing,Ultimate Frisbee,Speed Walking
Yehuda Hale,Intro to Microwave Cooking,High Five Working Session,Calvinball,Speed Walking,Influencing 101
Brinley Salazar,Intro to Microwave Cooking,The Science of Sleep,Lucid Nightmares,Ultimate Frisbee,Calvinball
Brody Sharp,Laundry 101,Intro to Microwave Cooking,High Five Working Session,Digital Well-being,Ultimate Frisbee
Camryn Townsend,,,,,
Alexis Fischer,,,,,
Maci Fisher,High Five Working Session,The Science of Sleep,The Uberman Sleep Schedule: Could it Work for You?,Lucid Nightmares,How to Make Friends
Gael Gilmore,,,,,
Chanel Little,,,,,
Lennox Rosario,,,,,
Louisa Burns,Intro to Microwave Cooking,High Five Working Session,The Uberman Sleep Schedule: Could it Work for You?,Lucid Nightmares,Ultimate Frisbee
August Mathews,High Five Working Session,The Uberman Sleep Schedule: Could it Work for You?,Lucid Nightmares,Ultimate Frisbee,Speed Walking
Sloan Hoffman,Intro to Microwave Cooking,High Five Working Session,The Uberman Sleep Schedule: Could it Work for You?,Lucid Nightmares,Calvinball
Steven Beard,,,,,
Ezra Whitney,Laundry 101,High Five Working Session,Competitive Meditation,Ultimate Frisbee,Calvinball
Jeffery Lowe,Laundry 101,Lucid Nightmares,Spikeball,Ultimate Frisbee,Influencing 101
Amari Lynch,High Five Working Session,Lucid Nightmares,The Power of Shallow Breathing,Ultimate Frisbee,Speed Walking
Zane Leblanc,,,,,
Novalee Rhodes,,,,,
Titus Welch,,,,,
Amira Patrick,Intro to Microwave Cooking,High Five Working Session,Speed Walking,How to Make Friends,Influencing 101
Derrick Bell,Intro to Microwave Cooking,High Five Working Session,The Science of Sleep,Lucid Nightmares,Calvinball
Melody Thornton,The Uberman Sleep Schedule: Could it Work for You?,Lucid Nightmares,Calvinball,Influencing 101,
Malik Cooper,Intro to Microwave Cooking,The Uberman Sleep Schedule: Could it Work for You?,Lucid Nightmares,Calvinball,Speed Walking
Serenity Anderson,Laundry 101,The Science of Sleep,The Uberman Sleep Schedule: Could it Work for You?,Lucid Nightmares,Speed Walking
Jacob Haley,High Five Working Session,Lucid Nightmares,Ultimate Frisbee,Speed Walking,Influencing 101
Addilynn Rivera,,,,,
Charles McDaniel,Intro to Microwave Cooking,High Five Working Session,The Science of Sleep,The Uberman Sleep Schedule: Could it Work for You?,Lucid Nightmares
Dahlia Maynard,The Uberman Sleep Schedule: Could it Work for You?,Lucid Nightmares,Speed Walking,How to Make Friends,Influencing 101
Landry Hurley,,,,,
Rylan Palmer,Intro to Microwave Cooking,Calvinball,,,
Theo Mullen,High Five Working Session,Ultimate Frisbee,Calvinball,,
Shay Leonard,,,,,
Ricardo Arias,,,,,
Aleah Black,,,,,
Matteo Gregory,Laundry 101,The Science of Sleep,Ultimate Frisbee,How to Make Friends,How to Keep Friends
Alaya Logan,,,,,
Rocco Rosario,The Uberman Sleep Schedule: Could it Work for You?,Ultimate Frisbee,How to Keep Friends,How to Gain Back a Friend Lost in 10 Days,Influencing 101
Louisa Gallegos,Intro to Microwave Cooking,High Five Working Session,Lucid Nightmares,Spikeball,Calvinball
Jonas Bartlett,The Uberman Sleep Schedule: Could it Work for You?,Lucid Nightmares,Speed Walking,How to Make Friends,Influencing 101
Aubrielle Stein,,,,,
Creed Wu,Intro to Microwave Cooking,High Five Working Session,Competitive Meditation,Spikeball,Calvinball
Liana Fitzpatrick,,,,,
Blaze Clark,,,,,
Chloe Soto,Intro to Microwave Cooking,High Five Working Session,The Science of Sleep,Ultimate Frisbee,Calvinball
Barrett McKinney,,,,,
Gwendolyn Enriquez,Intro to Microwave Cooking,The Science of Sleep,The Uberman Sleep Schedule: Could it Work for You?,Lucid Nightmares,
Elisha Koch,,,,,
Milana Valdez,,,,,
Kyler Montes,Intro to Microwave Cooking,The Science of Sleep,Calvinball,,
Roselyn Yoder,,,,,
Johan Kelly,,,,,
Ruby Trujillo,,,,,
Apollo Rhodes,High Five Working Session,Competitive Meditation,The Science of Sleep,Calvinball,Speed Walking
Tatum Finley,Laundry 101,Intro to Microwave Cooking,High Five Working Session,Digital Well-being,Lucid Nightmares
Calum Everett,Digital Well-being,The Science of Sleep,Lucid Nightmares,The Power of Shallow Breathing,Ultimate Frisbee
Noah Becker,Intro to Microwave Cooking,The Uberman Sleep Schedule: Could it Work for You?,Lucid Nightmares,Ultimate Frisbee,Speed Walking
Lawson Walter,Intro to Microwave Cooking,High Five Working Session,Ultimate Frisbee,Calvinball,Speed Walking
Penny Moody,,,,,
Ryland Weiss,Intro to Microwave Cooking,High Five Working Session,Digital Well-being,The Science of Sleep,Ultimate Frisbee
Lennox Lewis,High Five Working Session,Lucid Nightmares,Speed Walking,How to Keep Friends,Influencing 101
Wyatt Foster,Laundry 101,The Power of Shallow Breathing,How to Make Friends,How to Lose a Friend in 10 Days,How to Gain Back a Friend Lost in 10 Days
Brielle Barr,,,,,
Harley Alexander,Intro to Microwave Cooking,The Science of Sleep,The Uberman Sleep Schedule: Could it Work for You?,Lucid Nightmares,Ultimate Frisbee
Lyla Lawrence,Lucid Nightmares,Calvinball,Speed Walking,How to Gain Back a Friend Lost in 10 Days,
Kaleb Barton,Laundry 101,Intro to Microwave Cooking,High Five Working Session,Digital Well-being,The Uberman Sleep Schedule: Could it Work for You?
Danna Kim,,,,,
Roman Blankenship,,,,,
Rosalee Summers,Laundry 101,High Five Working Session,Lucid Nightmares,How to Keep Friends,How to Lose a Friend in 10 Days
Darius Dunn,The Science of Sleep,Lucid Nightmares,Spikeball,Ultimate Frisbee,Speed Walking
Olive Dodson,High Five Working Session,Competitive Meditation,Digital Well-being,The Uberman Sleep Schedule: Could it Work for You?,Calvinball
Seven Farrell,Intro to Microwave Cooking,High Five Working Session,The Science of Sleep,Ultimate Frisbee,Calvinball
Kassidy Lewis,,,,,
Wyatt Orozco,The Uberman Sleep Schedule: Could it Work for You?,Lucid Nightmares,The Power of Shallow Breathing,Ultimate Frisbee,Influencing 101
Renata Clay,,,,,
Yosef Velez,The Uberman Sleep Schedule: Could it Work for You?,Lucid Nightmares,The Power of Shallow Breathing,How to Keep Friends,How to Lose a Friend in 10 Days
Megan Norris,,,,,
Cairo Hardin,,,,,
Vada Golden,,,,,
Amias Dawson,The Science of Sleep,Lucid Nightmares,The Power of Shallow Breathing,Spikeball,How to Make Friends
Veronica Moon,Intro to Microwave Cooking,The Science of Sleep,The Uberman Sleep Schedule: Could it Work for You?,Lucid Nightmares,Calvinball
Nova Morris,The Science of Sleep,Lucid Nightmares,Calvinball,How to Make Friends,Influencing 101
Genesis Whitehead,,,,,
Zayd Conway,High Five Working Session,Speed Walking,,,
Ryann Rowe,,,,,
Kamden Colon,Intro to Microwave Cooking,Lucid Nightmares,Calvinball,Speed Walking,How to Gain Back a Friend Lost in 10 Days
Remy Le,,,,,
Damien McClure,The Uberman Sleep Schedule: Could it Work for You?,Lucid Nightmares,Calvinball,How to Make Friends,Influencing 101
Estella Colon,,,,,
Bruce Kaur,Laundry 101,Intro to Microwave Cooking,Lucid Nightmares,Ultimate Frisbee,Influencing 101
Holland Lopez,,,,,
Michael Ramirez,High Five Working Session,The Uberman Sleep Schedule: Could it Work for You?,Lucid Nightmares,Spikeball,Speed Walking
Grace Webster,The Uberman Sleep Schedule: Could it Work for You?,Spikeball,Influencing 101,,
Shawn Burns,Intro to Microwave Cooking,High Five Working Session,The Science of Sleep,How to Lose a Friend in 10 Days,Influencing 101
Emerson Savage,High Five Working Session,The Science of Sleep,The Uberman Sleep Schedule: Could it Work for You?,Lucid Nightmares,
Keaton Hawkins,High Five Working Session,Lucid Nightmares,The Power of Shallow Breathing,Calvinball,How to Lose a Friend in 10 Days
Ariel Mendoza,Intro to Microwave Cooking,The Science of Sleep,Lucid Nightmares,Calvinball,
Dominic Solomon,The Uberman Sleep Schedule: Could it Work for You?,Lucid Nightmares,Ultimate Frisbee,Calvinball,How to Make Friends
Mylah Friedman,The Science of Sleep,The Uberman Sleep Schedule: Could it Work for You?,Lucid Nightmares,Spikeball,Calvinball
Darwin Butler,Intro to Microwave Cooking,High Five Working Session,The Uberman Sleep Schedule: Could it Work for You?,Lucid Nightmares,Calvinball
Athena Best,Intro to Microwave Cooking,High Five Working Session,Digital Well-being,Ultimate Frisbee,Calvinball
Harlem Nielsen,Intro to Microwave Cooking,The Science of Sleep,The Uberman Sleep Schedule: Could it Work for You?,Lucid Nightmares,
Vienna Peralta,Intro to Microwave Cooking,The Science of Sleep,Ultimate Frisbee,Calvinball,How to Keep Friends
Dangelo Watson,Intro to Microwave Cooking,Lucid Nightmares,Calvinball,Speed Walking,How to Gain Back a Friend Lost in 10 Days
Hailey Acevedo,Lucid Nightmares,Ultimate Frisbee,Calvinball,How to Keep Friends,Influencing 101
Dakari Huang,Intro to Microwave Cooking,High Five Working Session,The Science of Sleep,Ultimate Frisbee,Calvinball
Francesca Pittman,High Five Working Session,The Uberman Sleep Schedule: Could it Work for You?,Lucid Nightmares,Spikeball,Ultimate Frisbee
Valentino Booth,High Five Working Session,The Science of Sleep,The Uberman Sleep Schedule: Could it Work for You?,Speed Walking,How to Make Friends
Zariyah Stephens,,,,,
Messiah Ponce,Laundry 101,High Five Working Session,Spikeball,How to Make Friends,How to Keep Friends
Aileen Fischer,Competitive Meditation,The Science of Sleep,Lucid Nightmares,Ultimate Frisbee,Calvinball
Leonidas James,The Science of Sleep,The Uberman Sleep Schedule: Could it Work for You?,Lucid Nightmares,Influencing 101,
Quinn Lu,Intro to Microwave Cooking,High Five Working Session,The Science of Sleep,Lucid Nightmares,Calvinball
Duncan Barr,,,,,
Noemi Delacruz,Intro to Microwave Cooking,Lucid Nightmares,Spikeball,Ultimate Frisbee,
Memphis Hoover,The Science of Sleep,The Uberman Sleep Schedule: Could it Work for You?,Lucid Nightmares,Calvinball,
Virginia Stevens,,,,,
Zachary Crawford,,,,,
Aubree Lim,,,,,
Cal Perry,Intro to Microwave Cooking,The Science of Sleep,The Uberman Sleep Schedule: Could it Work for You?,,
Clara Estrada,,,,,
Phoenix Lopez,Calvinball,Speed Walking,How to Lose a Friend in 10 Days,,
Gianna Horton,,,,,
Garrett Underwood,,,,,
Ensley Townsend,High Five Working Session,Competitive Meditation,Ultimate Frisbee,How to Gain Back a Friend Lost in 10 Days,Influencing 101
Alexis Acevedo,High Five Working Session,The Uberman Sleep Schedule: Could it Work for You?,Lucid Nightmares,Calvinball,How to Make Friends
Ashlynn Villalobos,High Five Working Session,Competitive Meditation,The Science of Sleep,The Uberman Sleep Schedule: Could it Work for You?,How to Make Friends
Reuben Cameron,Intro to Microwave Cooking,The Science of Sleep,Lucid Nightmares,Calvinball,Speed Walking
Julie Turner,Laundry 101,High Five Working Session,Spikeball,Calvinball,How to Make Friends
Joshua Adkins,The Uberman Sleep Schedule: Could it Work for You?,Lucid Nightmares,Calvinball,Influencing 101,
Emelia Zimmerman,Laundry 101,Intro to Microwave Cooking,High Five Working Session,Lucid Nightmares,The Power of Shallow Breathing
Sergio Villa,,,,,
Johanna Newton,Laundry 101,Intro to Microwave Cooking,Lucid Nightmares,Ultimate Frisbee,Influencing 101
Santino Floyd,Laundry 101,Intro to Microwave Cooking,High Five Working Session,The Uberman Sleep Schedule: Could it Work for You?,Ultimate Frisbee
Yaretzi Rubio,The Uberman Sleep Schedule: Could it Work for You?,Lucid Nightmares,Ultimate Frisbee,How to Make Friends,Influencing 101
Titan Lewis,Laundry 101,High Five Working Session,Competitive Meditation,Lucid Nightmares,Ultimate Frisbee
Ellie Harris,,,,,
Samuel Shelton,Intro to Microwave Cooking,The Uberman Sleep Schedule: Could it Work for You?,Lucid Nightmares,Calvinball,Speed Walking
Makenzie Bullock,,,,,
Ben Schmidt,The Science of Sleep,The Uberman Sleep Schedule: Could it Work for You?,Lucid Nightmares,The Power of Shallow Breathing,Spikeball
Kimberly Gallagher,High Five Working Session,Competitive Meditation,The Science of Sleep,How to Keep Friends,How to Lose a Friend in 10 Days
Marcos Mullen,High Five Working Session,The Science of Sleep,The Uberman Sleep Schedule: Could it Work for You?,Lucid Nightmares,
Shay Hernandez,Intro to Microwave Cooking,Lucid Nightmares,Spikeball,Calvinball,How to Make Friends
Mason Fitzgerald,Intro to Microwave Cooking,The Science of Sleep,The Uberman Sleep Schedule: Could it Work for You?,Lucid Nightmares,
Marlee McConnell,,,,,
London Wolf,High Five Working Session,Lucid Nightmares,Ultimate Frisbee,Calvinball,Speed Walking
Jolene Lozano,,,,,
Boone Cannon,High Five Working Session,Competitive Meditation,The Uberman Sleep Schedule: Could it Work for You?,Lucid Nightmares,Influencing 101
Noa Lawson,High Five Working Session,The Uberman Sleep Schedule: Could it Work for You?,Lucid Nightmares,Calvinball,Influencing 101
Lane Skinner,,,,,
Mara Hinton,Laundry 101,High Five Working Session,The Science of Sleep,Lucid Nightmares,Calvinball
Frankie Sanchez,Intro to Microwave Cooking,High Five Working Session,Ultimate Frisbee,Calvinball,Speed Walking
Aria Stein,Intro to Microwave Cooking,Calvinball,,,
Creed Kelley,Intro to Microwave Cooking,High Five Working Session,Calvinball,,
Rosalie Ramos,,,,,
Angel Robinson,Laundry 101,Intro to Microwave Cooking,High Five Working Session,The Uberman Sleep Schedule: Could it Work for You?,Ultimate Frisbee
Nora Waters,Intro to Microwave Cooking,High Five Working Session,Digital Well-being,Ultimate Frisbee,Calvinball
Maximilian Stanton,Intro to Microwave Cooking,The Uberman Sleep Schedule: Could it Work for You?,Lucid Nightmares,Calvinball,Speed Walking
Jaycee Webster,,,,,
Shawn Santana,,,,,
Myra Case,Intro to Microwave Cooking,Competitive Meditation,Calvinball,,
Bentlee Nolan,,,,,
Itzayana Maddox,The Uberman Sleep Schedule: Could it Work for You?,Lucid Nightmares,The Power of Shallow Breathing,How to Keep Friends,How to Lose a Friend in 10 Days
Lyric Hahn,,,,,
Fallon Berger,Intro to Microwave Cooking,The Uberman Sleep Schedule: Could it Work for You?,Lucid Nightmares,How to Lose a Friend in 10 Days,How to Gain Back a Friend Lost in 10 Days
Byron Soto,,,,,
Brynlee Waters,,,,,
Maximilian Gibbs,Intro to Microwave Cooking,The Uberman Sleep Schedule: Could it Work for You?,Lucid Nightmares,Calvinball,Influencing 101
Carter Dillon,Lucid Nightmares,Calvinball,Influencing 101,,
Alvin Marshall,Intro to Microwave Cooking,The Uberman Sleep Schedule: Could it Work for You?,Lucid Nightmares,Calvinball,Speed Walking
Adalyn Scott,Intro to Microwave Cooking,Lucid Nightmares,Calvinball,Speed Walking,How to Gain Back a Friend Lost in 10 Days
Leo Ryan,Intro to Microwave Cooking,High Five Working Session,The Science of Sleep,Lucid Nightmares,Calvinball
Morgan Buck,The Uberman Sleep Schedule: Could it Work for You?,Lucid Nightmares,Speed Walking,How to Make Friends,Influencing 101
Jon Castaneda,Digital Well-being,Lucid Nightmares,Calvinball,How to Gain Back a Friend Lost in 10 Days,
Keira Bender,Laundry 101,Intro to Microwave Cooking,Competitive Meditation,The Science of Sleep,Ultimate Frisbee
Zavier Velez,High Five Working Session,The Science of Sleep,Ultimate Frisbee,Calvinball,
Megan Pope,,,,,
Gunnar Phelps,Intro to Microwave Cooking,High Five Working Session,Ultimate Frisbee,Calvinball,
Laney Soto,High Five Working Session,Ultimate Frisbee,Calvinball,Speed Walking,
Barrett Escobar,,,,,
Erin Phan,,,,,
Maison Humphrey,Intro to Microwave Cooking,High Five Working Session,Lucid Nightmares,Calvinball,Influencing 101
Journi Villanueva,,,,,
Huxley Byrd,Competitive Meditation,The Science of Sleep,Lucid Nightmares,Ultimate Frisbee,Calvinball
Giselle Cabrera,High Five Working Session,The Uberman Sleep Schedule: Could it Work for You?,Lucid Nightmares,Calvinball,Influencing 101
Cade Cook,Intro to Microwave Cooking,Lucid Nightmares,Ultimate Frisbee,,
Aaliyah Cohen,Intro to Microwave Cooking,Lucid Nightmares,Calvinball,Influencing 101,
Killian Black,Intro to Microwave Cooking,Lucid Nightmares,Ultimate Frisbee,Calvinball,Speed Walking
Molly Wood,Intro to Microwave Cooking,The Uberman Sleep Schedule: Could it Work for You?,Lucid Nightmares,Ultimate Frisbee,Calvinball
Carson Nash,,,,,
Novah Grimes,Intro to Microwave Cooking,The Science of Sleep,The Uberman Sleep Schedule: Could it Work for You?,Calvinball,
Harlan Cervantes,,,,,
Aylin Goodwin,Laundry 101,Intro to Microwave Cooking,High Five Working Session,Lucid Nightmares,Influencing 101
Kaison Rubio,Speed Walking,How to Make Friends,How to Keep Friends,How to Gain Back a Friend Lost in 10 Days,Influencing 101
Hadassah Brandt,High Five Working Session,The Science of Sleep,Lucid Nightmares,Calvinball,Speed Walking
Damir Lowery,,,,,
Estelle Hoover,Laundry 101,High Five Working Session,The Uberman Sleep Schedule: Could it Work for You?,Lucid Nightmares,
Jaziel Lopez,,,,,
Gianna Berger,,,,,
Byron Flowers,The Science of Sleep,Lucid Nightmares,Spikeball,Ultimate Frisbee,Speed Walking
Ariya Valencia,High Five Working Session,The Uberman Sleep Schedule: Could it Work for You?,Lucid Nightmares,Spikeball,Ultimate Frisbee
Dax Harrell,Intro to Microwave Cooking,High Five Working Session,The Uberman Sleep Schedule: Could it Work for You?,Calvinball,How to Make Friends
Kara Avery,Intro to Microwave Cooking,High Five Working Session,The Science of Sleep,Ultimate Frisbee,Calvinball
Jakari Wilkins,High Five Working Session,The Science of Sleep,Ultimate Frisbee,Calvinball,
Amalia Tran,,,,,
Braxton Clements,Intro to Microwave Cooking,High Five Working Session,The Uberman Sleep Schedule: Could it Work for You?,The Power of Shallow Breathing,Calvinball
Cara Snow,Calvinball,Speed Walking,How to Lose a Friend in 10 Days,,
Houston Pope,,,,,
Aurelia Manning,Intro to Microwave Cooking,The Science of Sleep,The Uberman Sleep Schedule: Could it Work for You?,Lucid Nightmares,
Seth Olson,The Uberman Sleep Schedule: Could it Work for You?,Lucid Nightmares,Speed Walking,How to Make Friends,Influencing 101
Isabel Stephens,Laundry 101,High Five Working Session,Competitive Meditation,The Uberman Sleep Schedule: Could it Work for You?,Spikeball
Messiah Thompson,Laundry 101,Intro to Microwave Cooking,High Five Working Session,The Science of Sleep,Calvinball
Madison Perez,,,,,
Owen Chang,Intro to Microwave Cooking,Lucid Nightmares,Calvinball,Speed Walking,How to Gain Back a Friend Lost in 10 Days
Ophelia Gardner,High Five Working Session,The Science of Sleep,Ultimate Frisbee,,
Alan Richmond,,,,,
Whitney Griffin,Intro to Microwave Cooking,High Five Working Session,The Science of Sleep,The Power of Shallow Breathing,How to Gain Back a Friend Lost in 10 Days
Ayden McMahon,High Five Working Session,Competitive Meditation,Digital Well-being,How to Gain Back a Friend Lost in 10 Days,Influencing 101
Belen Nunez,,,,,
Caden Buckley,Digital Well-being,The Uberman Sleep Schedule: Could it Work for You?,Lucid Nightmares,The Power of Shallow Breathing,Spikeball
Theodora Spencer,The Uberman Sleep Schedule: Could it Work for You?,Lucid Nightmares,,,
Ace Townsend,Competitive Meditation,The Science of Sleep,Ultimate Frisbee,Calvinball,Speed Walking
Azalea Romero,Intro to Microwave Cooking,High Five Working Session,Digital Well-being,The Science of Sleep,Ultimate Frisbee
Bryson Huang,Ultimate Frisbee,How to Make Friends,How to Keep Friends,How to Lose a Friend in 10 Days,How to Gain Back a Friend Lost in 10 Days
Francesca Nixon,Laundry 101,High Five Working Session,Digital Well-being,Ultimate Frisbee,Influencing 101
Cory Valdez,Laundry 101,Lucid Nightmares,Calvinball,,
Diana Levy,,,,,
Harold Hernandez,,,,,
Camila Leblanc,Competitive Meditation,The Science of Sleep,Lucid Nightmares,Ultimate Frisbee,Calvinball
Braden Moore,Laundry 101,Intro to Microwave Cooking,Lucid Nightmares,Ultimate Frisbee,How to Make Friends
Emily Perkins,Intro to Microwave Cooking,The Uberman Sleep Schedule: Could it Work for You?,Lucid Nightmares,Calvinball,Speed Walking
Kyrie Hunt,,,,,
Genevieve Aguirre,Laundry 101,High Five Working Session,Calvinball,,
Andy Sexton,Lucid Nightmares,Calvinball,Speed Walking,How to Make Friends,How to Keep Friends
Ellen McClain,Laundry 101,High Five Working Session,Ultimate Frisbee,Calvinball,
Mitchell Collier,Laundry 101,Intro to Microwave Cooking,Competitive Meditation,The Science of Sleep,Ultimate Frisbee
Ivory Melton,The Science of Sleep,The Uberman Sleep Schedule: Could it Work for You?,Lucid Nightmares,Ultimate Frisbee,Calvinball
Lennon Hale,High Five Working Session,Competitive Meditation,The Science of Sleep,Ultimate Frisbee,Speed Walking
Brinley Vance,,,,,
Casen Burns,Competitive Meditation,The Science of Sleep,Ultimate Frisbee,How to Keep Friends,
Emerson Preston,,,,,
Vincenzo Patterson,High Five Working Session,The Science of Sleep,Lucid Nightmares,Calvinball,
Kaylee Nicholson,The Uberman Sleep Schedule: Could it Work for You?,Lucid Nightmares,How to Lose a Friend in 10 Days,How to Gain Back a Friend Lost in 10 Days,Influencing 101
Rodrigo Pratt,High Five Working Session,Ultimate Frisbee,How to Keep Friends,How to Gain Back a Friend Lost in 10 Days,Influencing 101
Ailani Cunningham,High Five Working Session,Lucid Nightmares,Calvinball,How to Make Friends,How to Keep Friends
Alejandro Huffman,Intro to Microwave Cooking,Competitive Meditation,The Science of Sleep,Lucid Nightmares,Calvinball
Hayley Barnes,,,,,
Damian Chapman,,,,,
Zuri Acevedo,,,,,
Dakari Carpenter,,,,,
Lilly Rivers,Laundry 101,High Five Working Session,The Uberman Sleep Schedule: Could it Work for You?,Ultimate Frisbee,Speed Walking
Bear Mack,,,,,
Nadia Stephenson,Lucid Nightmares,Spikeball,Speed Walking,,
Joe Barton,,,,,
Danna Turner,,,,,
Joshua Shelton,The Uberman Sleep Schedule: Could it Work for You?,Lucid Nightmares,Spikeball,Speed Walking,Influencing 101
Makenzie Terry,Lucid Nightmares,Calvinball,Speed Walking,How to Make Friends,How to Keep Friends
Armani Crane,Competitive Meditation,The Science of Sleep,Lucid Nightmares,Ultimate Frisbee,Calvinball